θtrue,gitcommit,sig-α,sig-β,obs_model,known,obs_params,path,sig-S₀
"(S₀ = 0.6, β = 1.25, α = 0.2)",b08050b6f30459ecc3e733c0fdb243dc910ed590,"Any[0.0129062438347249, 0.029895487300681117, 0.036721814690041966, 0.03235589232357729, 0.01905722871736821, 0.0038071913805330904, -0.0028857869111345354, -0.003150137204803683, 0.02542729562178593, 0.06314703967457734, 0.10055412310758331, 0.13950116837660403, 0.17530583907339015, 0.21370043507639055, 0.2349628807441222]","Any[0.06541523254112384, 0.18507986792399356, 0.24302106323778117, 0.2970265916588767, 0.33214480275504527, 0.35102304244053434, 0.3664100957069368, 0.3784270248392097, 0.3955823921701314, 0.4205249951498767, 0.44499302101628563, 0.4872955782212448, 0.5023295618348917, 0.5227307282905483, 0.5520910684627234]",neg_binom,Set([:S₀]),"(r = 1, n = 10)","/home/brendaisy/OneDrive/Bren/Documents/optimal-test-design/data/sims/increasing-tspan-marg/known=Set([:S₀]) || obs_model=neg_binom || obs_params=(r=1, n=10) || θtrue=(S₀=0.6, β=1.25, α=0.2).jld2",missing
"(S₀ = 0.6, β = 1.25, α = 0.2)",b08050b6f30459ecc3e733c0fdb243dc910ed590,"Any[0.02078908100681215, 0.032290285111329135, 0.0334808359467491, 0.03211455727235397, 0.02539369560742494, 0.013678929321673507, 0.01309127203070165, 0.03690164082721105, 0.09060801780680555, 0.15167280701066838, 0.21000788867571865, 0.25872807880388377, 0.30321515031154456, 0.35516943101840986, 0.3867694471923124]","Any[0.13504158889297857, 0.31660321163995747, 0.45621174457977715, 0.5201268827500637, 0.55613028572545, 0.5712945922939962, 0.5750929303926872, 0.6148748092906193, 0.6640181168156714, 0.7118632256000467, 0.7758210415133823, 0.8313508627612344, 0.8773584837829609, 0.9208697397165958, 0.9521977555644611]",neg_binom,Set([:S₀]),"(r = 1, n = 100)","/home/brendaisy/OneDrive/Bren/Documents/optimal-test-design/data/sims/increasing-tspan-marg/known=Set([:S₀]) || obs_model=neg_binom || obs_params=(r=1, n=100) || θtrue=(S₀=0.6, β=1.25, α=0.2).jld2",missing
"(S₀ = 0.6, β = 1.25, α = 0.2)",b08050b6f30459ecc3e733c0fdb243dc910ed590,"Any[0.0219986351999792, 0.03070171251894945, 0.03178510936733373, 0.03165402036499449, 0.023021140110761375, 0.01750640319751865, 0.023489529551641002, 0.04340105847654839, 0.10336253644801133, 0.1611903745486736, 0.22347863934675993, 0.2845012033000125, 0.3366157139262151, 0.3792672513756024, 0.4198176617717962]","Any[0.15609366646531575, 0.35828862549586543, 0.4947370915939138, 0.5700176804655812, 0.5945742018882142, 0.6008692677329379, 0.6193497707755719, 0.6582801847880024, 0.719546178053926, 0.786419819858402, 0.8411406521943712, 0.9039927762274165, 0.958166594720799, 0.9880713658562978, 1.0375730202020188]",neg_binom,Set([:S₀]),"(r = 1, n = 1000)","/home/brendaisy/OneDrive/Bren/Documents/optimal-test-design/data/sims/increasing-tspan-marg/known=Set([:S₀]) || obs_model=neg_binom || obs_params=(r=1, n=1000) || θtrue=(S₀=0.6, β=1.25, α=0.2).jld2",missing
"(S₀ = 0.6, β = 1.25, α = 0.2)",b08050b6f30459ecc3e733c0fdb243dc910ed590,"Any[0.02016740611126352, 0.04863457958643538, 0.05686089562260188, 0.05832290404553747, 0.05253477257624716, 0.05391035871355701, 0.07437012708878503, 0.1274983790807662, 0.1798418480224515, 0.2330978246660291, 0.2824700205015835, 0.31909826371677463, 0.3513398367600292, 0.3724486805976571, 0.3863365105231033]","Any[0.10003538769639332, 0.32813692318248777, 0.4858518905370353, 0.588907114215312, 0.6530148291751362, 0.6655892760212797, 0.683553506743895, 0.7285720142259776, 0.7694941446069379, 0.8096173791309715, 0.8476368137714236, 0.8772655786575545, 0.8964985193800594, 0.9190462843546812, 0.9360507854012249]",neg_binom,Set([:S₀]),"(r = 10, n = 10)","/home/brendaisy/OneDrive/Bren/Documents/optimal-test-design/data/sims/increasing-tspan-marg/known=Set([:S₀]) || obs_model=neg_binom || obs_params=(r=10, n=10) || θtrue=(S₀=0.6, β=1.25, α=0.2).jld2",missing
"(S₀ = 0.6, β = 1.25, α = 0.2)",b08050b6f30459ecc3e733c0fdb243dc910ed590,"Any[0.04282935120557494, 0.02637855222532716, 0.02257167217613239, 0.03739770536904542, 0.08721683522346171, 0.20674338703858902, 0.38215831288701246, 0.5646708387179917, 0.6819714772159493, 0.7917268551059603, 0.8488654499633737, 0.8868344704996277, 0.9392340388512602, 0.9740183898341596, 0.9871953931515577]","Any[0.3932911045809907, 0.9735211280595196, 1.2771079436743114, 1.304521901471308, 1.2720041285850179, 1.3358175883608259, 1.450687764839151, 1.5806736464958258, 1.6710729047021995, 1.7312373567754655, 1.7795392968624912, 1.8014051910136137, 1.8119758979259901, 1.8210515433163545, 1.8216930126665718]",neg_binom,Set([:S₀]),"(r = 10, n = 100)","/home/brendaisy/OneDrive/Bren/Documents/optimal-test-design/data/sims/increasing-tspan-marg/known=Set([:S₀]) || obs_model=neg_binom || obs_params=(r=10, n=100) || θtrue=(S₀=0.6, β=1.25, α=0.2).jld2",missing
"(S₀ = 0.6, β = 1.25, α = 0.2)",b08050b6f30459ecc3e733c0fdb243dc910ed590,"Any[0.029731576593075508, 0.008595420148862045, 0.008399698958933288, 0.0224916294567499, 0.09539493880560514, 0.2849515232835692, 0.5289003746938454, 0.7569728709039802, 0.9087788197370067, 1.0104809850876286, 1.1238606755355478, 1.1784776395429386, 1.264599321284561, 1.305423285635043, 1.3543918456780446]","Any[0.7361294422940124, 1.3388057930580022, 1.495077491227751, 1.448722638621166, 1.4248099137405585, 1.521364710853684, 1.6954190149947772, 1.8422868136889083, 1.9475556987577427, 2.0191470141478605, 2.039682812939815, 2.0726360743622236, 2.0870782697827663, 2.1129650257078616, 2.124165163818812]",neg_binom,Set([:S₀]),"(r = 10, n = 1000)","/home/brendaisy/OneDrive/Bren/Documents/optimal-test-design/data/sims/increasing-tspan-marg/known=Set([:S₀]) || obs_model=neg_binom || obs_params=(r=10, n=1000) || θtrue=(S₀=0.6, β=1.25, α=0.2).jld2",missing
"(S₀ = 0.6, β = 1.25, α = 0.2)",e5e2befed309f0b8350bfdd28a7d5bd028b6c78f-dirty,"Any[0.0208466041074414, 0.051822633734279845, 0.06011058437876567, 0.062147868274960334, 0.06753308346209502, 0.07745722489838933, 0.10232183720574946, 0.17093846118447226, 0.22679994762447903, 0.28632399706034767, 0.3264938729145894, 0.3648572090418969, 0.38420422477678484, 0.40346690743194846, 0.41755322642879444]","Any[0.10569019054069238, 0.3548704582711282, 0.5398561878970513, 0.6776990369915891, 0.7079427462030098, 0.7318487602309246, 0.7726054772951666, 0.8156209076493676, 0.8585674067941527, 0.8927399616237109, 0.9465915869990094, 0.9657448648570474, 0.985253266747938, 0.9933738815920553, 1.0103118708349041]",poisson,Set([:S₀]),"(n = 10,)","/home/brendaisy/OneDrive/Bren/Documents/optimal-test-design/data/sims/increasing-tspan-marg/known=Set([:S₀]) || obs_model=poisson || obs_params=(n=10,) || θtrue=(S₀=0.6, β=1.25, α=0.2).jld2",missing
"(S₀ = 0.6, β = 1.25, α = 0.2)",e5e2befed309f0b8350bfdd28a7d5bd028b6c78f-dirty,"Any[0.04499950751441353, 0.011484904107111121, 0.004797032995033562, 0.031655571858923356, 0.22266698340771374, 0.5673696008218448, 0.8367350691475033, 1.0089564456744593, 1.0999322562183682, 1.1976845326351353, 1.25275595624077, 1.2713589397530805, 1.302381426165189, 1.3371476560555706, 1.343440677978894]","Any[0.49181343824692103, 1.2038883475485516, 1.4847583332559005, 1.409088783977652, 1.44660045882271, 1.6847721092033385, 1.8741154178120436, 2.0167745485753645, 2.093264071595824, 2.1359928658603193, 2.1636541327417564, 2.194049759235918, 2.2036486837967715, 2.2059834949300976, 2.2149587971437605]",poisson,Set([:S₀]),"(n = 100,)","/home/brendaisy/OneDrive/Bren/Documents/optimal-test-design/data/sims/increasing-tspan-marg/known=Set([:S₀]) || obs_model=poisson || obs_params=(n=100,) || θtrue=(S₀=0.6, β=1.25, α=0.2).jld2",missing
"(S₀ = 0.6, β = 1.25, α = 0.2)",e5e2befed309f0b8350bfdd28a7d5bd028b6c78f-dirty,"Any[0.0010866391504632028, -0.01449041064455668, -0.039499779094420505, 0.37748165017396434, 1.3481913591282404, 1.952415588359596, 2.303326353241836, 2.525527096051547, 2.653296948852632, 2.7244776869025347, 2.7925078566607353, 2.823126274515375, 2.8595115520776497, 2.887036867869485, 2.9072000749872378]","Any[1.3048134937562126, 1.7338729460314648, 1.6036043908496287, 1.8527392384923527, 2.643636770239881, 3.1127412555564082, 3.4024966499188087, 3.5750892545104027, 3.69703156922468, 3.74001553426007, 3.7913385223755003, 3.7945076957470474, 3.796985549752631, 3.8163437968667204, 3.8388565930241203]",poisson,Set([:S₀]),"(n = 1000,)","/home/brendaisy/OneDrive/Bren/Documents/optimal-test-design/data/sims/increasing-tspan-marg/known=Set([:S₀]) || obs_model=poisson || obs_params=(n=1000,) || θtrue=(S₀=0.6, β=1.25, α=0.2).jld2",missing
"(S₀ = 0.6, β = 1.25, α = 0.2)",f88f998db1a0cc4d7c414fa840f925ef8f97e78c,"Any[-0.012802029464562062, 0.0449009081128759, 0.41772621790842435, 2.1888513528789417, 3.6205881340109145, 4.640114378672172, 5.01466895709946, 5.120225186995493, 5.1238367020803315, 5.135767726679426, 5.101641741669747, 5.088125809413436, 5.10074740052523, 5.086204593357264, 5.088694345872487]","Any[1.8156423643815662, 1.8919696238541464, 2.1524346702257158, 3.7248127701709266, 4.95535398324414, 5.854793810561908, 6.155257721266774, 6.210949568429681, 6.1962081384860905, 6.175946833003732, 6.154975896425454, 6.136203620530272, 6.111075473595288, 6.088625449658058, 6.093477733875407]",poisson,Set([:S₀]),"(n = 10000,)","/home/brendaisy/OneDrive/Bren/Documents/optimal-test-design/data/sims/increasing-tspan-marg/known=Set([:S₀]) || obs_model=poisson || obs_params=(n=10000,) || θtrue=(S₀=0.6, β=1.25, α=0.2).jld2",missing
"(S₀ = 0.6, β = 1.25, α = 0.2)",b08050b6f30459ecc3e733c0fdb243dc910ed590,missing,"Any[0.03476909193600275, 0.09396998578996585, 0.1269828847901417, 0.1689656934923039, 0.21134543153777346, 0.26011043276067736, 0.3011530263521023, 0.31492739554362653, 0.3428517706648527, 0.3666079278937086, 0.3890396070423905, 0.41848404282695206, 0.43375478724005967, 0.44454576421258796, 0.45113523013563234]",neg_binom,Set([:α]),"(r = 1, n = 10)","/home/brendaisy/OneDrive/Bren/Documents/optimal-test-design/data/sims/increasing-tspan-marg/known=Set([:α]) || obs_model=neg_binom || obs_params=(r=1, n=10) || θtrue=(S₀=0.6, β=1.25, α=0.2).jld2","Any[-0.014132717777787332, -0.028161060641899122, 0.03742747330442517, 0.13189630943898206, 0.19624988201087895, 0.23092048393904183, 0.2484427645946743, 0.2617871632985588, 0.26827859599379544, 0.2783827929706044, 0.28361842447162194, 0.27576512652372426, 0.2757992305787953, 0.273620883728564, 0.2683968715104863]"
"(S₀ = 0.6, β = 1.25, α = 0.2)",b08050b6f30459ecc3e733c0fdb243dc910ed590,missing,"Any[0.07514139676437441, 0.1710834479241965, 0.22473883499393374, 0.2594116594932736, 0.29773584121917746, 0.3471362478261181, 0.4016344186879211, 0.45005512216695326, 0.5108987443374019, 0.577512652334645, 0.6275287578283987, 0.7145681871946851, 0.7543725927303403, 0.7889057321375228, 0.8359138918946801]",neg_binom,Set([:α]),"(r = 1, n = 100)","/home/brendaisy/OneDrive/Bren/Documents/optimal-test-design/data/sims/increasing-tspan-marg/known=Set([:α]) || obs_model=neg_binom || obs_params=(r=1, n=100) || θtrue=(S₀=0.6, β=1.25, α=0.2).jld2","Any[-0.025449544613721845, 0.010924726677447443, 0.11248962871331275, 0.19283582979608893, 0.24650975976359663, 0.276570562989319, 0.29864500548448786, 0.31542141505708743, 0.32855261025627197, 0.34550775571750425, 0.3539991617880099, 0.36962969469245543, 0.36811028758449205, 0.3637503176462422, 0.36817327014528217]"
"(S₀ = 0.6, β = 1.25, α = 0.2)",b08050b6f30459ecc3e733c0fdb243dc910ed590,missing,"Any[0.08526227125202382, 0.19319682648601838, 0.24557400674689028, 0.2779864566176531, 0.3226876552224996, 0.36577726442056535, 0.416465429916953, 0.48148228208124494, 0.5489764768134384, 0.6100550416450335, 0.6906594565457984, 0.7673337009338896, 0.8369304612439468, 0.9117318337728275, 0.9499336175788722]",neg_binom,Set([:α]),"(r = 1, n = 1000)","/home/brendaisy/OneDrive/Bren/Documents/optimal-test-design/data/sims/increasing-tspan-marg/known=Set([:α]) || obs_model=neg_binom || obs_params=(r=1, n=1000) || θtrue=(S₀=0.6, β=1.25, α=0.2).jld2","Any[-0.018049871270613853, 0.03398338864285612, 0.12815310756854006, 0.20098479075081738, 0.250408575622327, 0.2796545041549511, 0.3054005265056177, 0.32090294174701833, 0.33842560076610206, 0.35219909793918425, 0.3760621711108274, 0.38302679601168743, 0.3805437225454688, 0.39282816360742423, 0.38813790877278687]"
"(S₀ = 0.6, β = 1.25, α = 0.2)",b08050b6f30459ecc3e733c0fdb243dc910ed590,missing,"Any[0.05950760892579973, 0.17012452869434969, 0.2290298995754415, 0.2869025181403693, 0.34928185076005186, 0.40056215559395497, 0.4509698290078889, 0.5060823655275511, 0.5421720745794973, 0.5835061524519662, 0.622997481800826, 0.6423743319286758, 0.6598055838843438, 0.6628458150474451, 0.6815636965224405]",neg_binom,Set([:α]),"(r = 10, n = 10)","/home/brendaisy/OneDrive/Bren/Documents/optimal-test-design/data/sims/increasing-tspan-marg/known=Set([:α]) || obs_model=neg_binom || obs_params=(r=10, n=10) || θtrue=(S₀=0.6, β=1.25, α=0.2).jld2","Any[-0.016774297860235595, -0.061388660774338175, 0.05329820434461396, 0.17865884628372558, 0.2632867674438255, 0.31011943847605683, 0.3359123505155884, 0.3552380651552985, 0.372086633877758, 0.37696502750507627, 0.3831307611610032, 0.39417480329830235, 0.3904701587202256, 0.3929889164855916, 0.40449469154872525]"
"(S₀ = 0.6, β = 1.25, α = 0.2)",b08050b6f30459ecc3e733c0fdb243dc910ed590,missing,"Any[0.21336384967340738, 0.3991310590392399, 0.3979034902103135, 0.4302928758939825, 0.570664505688251, 0.7431277418863688, 0.9233366530397277, 1.090998421479614, 1.2329939956736378, 1.3191969070024625, 1.4090694789850413, 1.4457379192384405, 1.493784029539336, 1.5293623629397213, 1.5374823587145796]",neg_binom,Set([:α]),"(r = 10, n = 100)","/home/brendaisy/OneDrive/Bren/Documents/optimal-test-design/data/sims/increasing-tspan-marg/known=Set([:α]) || obs_model=neg_binom || obs_params=(r=10, n=100) || θtrue=(S₀=0.6, β=1.25, α=0.2).jld2","Any[-0.07101714285763067, -0.006824324776794664, 0.0503861645580308, 0.16621475763450655, 0.33688920505280245, 0.5074988307691335, 0.6548373250308898, 0.7849260349690961, 0.8687654261763058, 0.9250837051723113, 0.9505332573580865, 0.972266091810436, 0.9748385482794514, 0.9932446744278297, 0.9932836666718751]"
"(S₀ = 0.6, β = 1.25, α = 0.2)",b08050b6f30459ecc3e733c0fdb243dc910ed590,missing,"Any[0.3729271671600547, 0.45980211110300495, 0.42249804651537587, 0.485615898592365, 0.671902773593898, 0.8945398220550553, 1.1148670567702799, 1.3166333673221242, 1.4910414488847334, 1.6309982481018475, 1.7380714227587493, 1.8279105129740492, 1.8800142037746994, 1.9511371886585254, 1.978743536467359]",neg_binom,Set([:α]),"(r = 10, n = 1000)","/home/brendaisy/OneDrive/Bren/Documents/optimal-test-design/data/sims/increasing-tspan-marg/known=Set([:α]) || obs_model=neg_binom || obs_params=(r=10, n=1000) || θtrue=(S₀=0.6, β=1.25, α=0.2).jld2","Any[-0.018477803914805836, 0.02288282972506493, 0.044449726018936944, 0.18577062244539821, 0.39191134982429127, 0.6208149371053043, 0.8045635365227415, 0.9778299886960267, 1.1036809767860463, 1.162643618098318, 1.2071127050006463, 1.246279577477574, 1.276609532866826, 1.2653347345089474, 1.2886588255877889]"
"(S₀ = 0.6, β = 1.25, α = 0.2)",e5e2befed309f0b8350bfdd28a7d5bd028b6c78f-dirty,missing,"Any[0.06437457723350923, 0.18865907181661626, 0.2520403505773153, 0.29931844541328834, 0.3730810375316339, 0.43857084332530233, 0.4875031757389107, 0.544658555174627, 0.5849936379883784, 0.6237946403655723, 0.645492222222872, 0.6707434846049753, 0.7132089104037832, 0.7082869186205292, 0.7219493848962318]",poisson,Set([:α]),"(n = 10,)","/home/brendaisy/OneDrive/Bren/Documents/optimal-test-design/data/sims/increasing-tspan-marg/known=Set([:α]) || obs_model=poisson || obs_params=(n=10,) || θtrue=(S₀=0.6, β=1.25, α=0.2).jld2","Any[-0.016470710130231957, -0.05753669276981533, 0.04648773996566944, 0.17510002849890485, 0.26568942636991016, 0.3244527175485711, 0.35384385545757596, 0.3809378955438632, 0.40381570076607287, 0.4066068972831995, 0.42457184593695196, 0.42248954461019583, 0.4214207598070559, 0.4333852943035537, 0.4397713305158766]"
"(S₀ = 0.6, β = 1.25, α = 0.2)",e5e2befed309f0b8350bfdd28a7d5bd028b6c78f-dirty,missing,"Any[0.2620884177172881, 0.42082640125787746, 0.3717592676063738, 0.5180112222467458, 0.7948966607684774, 1.0911102614062833, 1.3619847473151199, 1.5720319820527346, 1.688486244009612, 1.7515727890414385, 1.8249956665616707, 1.8421878965084078, 1.885039519215065, 1.8881554466210928, 1.932871984710119]",poisson,Set([:α]),"(n = 100,)","/home/brendaisy/OneDrive/Bren/Documents/optimal-test-design/data/sims/increasing-tspan-marg/known=Set([:α]) || obs_model=poisson || obs_params=(n=100,) || θtrue=(S₀=0.6, β=1.25, α=0.2).jld2","Any[-0.09228624878761099, -0.018593948102644437, 0.015417060473938177, 0.24927478455877639, 0.5887142267428144, 0.919296436335255, 1.1562324126071482, 1.312640519991181, 1.3973677796714665, 1.4403355626013945, 1.4577942151353913, 1.4712452021754385, 1.4877971902920202, 1.4918470333620337, 1.4882831723003864]"
"(S₀ = 0.6, β = 1.25, α = 0.2)",e5e2befed309f0b8350bfdd28a7d5bd028b6c78f-dirty,missing,"Any[0.4846300752497674, 0.3841349049616333, 0.44647536820831635, 1.0071148364952054, 1.8152045105111625, 2.39669322613582, 2.7053448218373752, 2.892055612333006, 2.9911216689593365, 3.0330977887695014, 3.088094562760073, 3.119888430094197, 3.1368108349854738, 3.1524630610080213, 3.1643787436850626]",poisson,Set([:α]),"(n = 1000,)","/home/brendaisy/OneDrive/Bren/Documents/optimal-test-design/data/sims/increasing-tspan-marg/known=Set([:α]) || obs_model=poisson || obs_params=(n=1000,) || θtrue=(S₀=0.6, β=1.25, α=0.2).jld2","Any[0.003938251293063919, -0.03628695046288738, 0.12639090796434238, 0.7468863351079043, 1.598696154764709, 2.2234416658434335, 2.490502217567544, 2.6085963321135126, 2.6653087091251084, 2.6822900519391397, 2.697854965026331, 2.694940155837269, 2.688045039129198, 2.712742136551359, 2.703775394844365]"
"(S₀ = 0.6, β = 1.25, α = 0.2)",f88f998db1a0cc4d7c414fa840f925ef8f97e78c,missing,"Any[0.42749838815694063, 0.3878987916580771, 1.1257929793048482, 2.2949843608108567, 3.5181657173013554, 4.129415298254659, 4.556363678568822, 4.914815543771619, 5.208718145446218, 5.475112450147179, 5.640454329507997, 5.7769579246403175, 5.863689963477715, 5.933980648889705, 5.9850274430510115]",poisson,Set([:α]),"(n = 10000,)","/home/brendaisy/OneDrive/Bren/Documents/optimal-test-design/data/sims/increasing-tspan-marg/known=Set([:α]) || obs_model=poisson || obs_params=(n=10000,) || θtrue=(S₀=0.6, β=1.25, α=0.2).jld2","Any[-0.02855198799574533, -0.09425687651339318, 0.6042969973556068, 1.8009375324757353, 3.102086495663338, 3.715254732827336, 4.111301749058556, 4.419955642339525, 4.690314001226542, 4.877824795864612, 5.0162454446480895, 5.130600188019003, 5.215037254334088, 5.2773402708969535, 5.336251522923818]"
"(S₀ = 0.6, β = 1.25, α = 0.2)",b08050b6f30459ecc3e733c0fdb243dc910ed590,"Any[-0.0005937291956925038, 0.001865494326263475, 0.00098143442666725, -0.0003155706263423705, 0.0011890857560497236, 0.006116228288332339, 0.01616825417891473, 0.031590644706864186, 0.058279961607902435, 0.09285009463027628, 0.1309704455167256, 0.1709034329103015, 0.21191628705761195, 0.2460378564370714, 0.27197146422686114]",missing,neg_binom,Set([:β]),"(r = 1, n = 10)","/home/brendaisy/OneDrive/Bren/Documents/optimal-test-design/data/sims/increasing-tspan-marg/known=Set([:β]) || obs_model=neg_binom || obs_params=(r=1, n=10) || θtrue=(S₀=0.6, β=1.25, α=0.2).jld2","Any[0.0010304492827910847, 0.03191626890041831, 0.1254294224217387, 0.22952849998110283, 0.2945620185294013, 0.3331544214004416, 0.35497085541237994, 0.35417711332679924, 0.3555654609465519, 0.3611755441557014, 0.372035086195551, 0.3677911938761938, 0.38057716600427716, 0.39125740997007163, 0.4039083246025784]"
"(S₀ = 0.6, β = 1.25, α = 0.2)",b08050b6f30459ecc3e733c0fdb243dc910ed590,"Any[-0.0033181307785475327, -0.003523821518612684, -0.0024999154839432268, 0.003855895643122434, 0.011429961184598167, 0.02373642941245443, 0.03860375800701047, 0.06995131472057749, 0.11305668421811568, 0.175757954438654, 0.24633662473596404, 0.32609378452268756, 0.42014953060598176, 0.4904068980604837, 0.5604813285377717]",missing,neg_binom,Set([:β]),"(r = 1, n = 100)","/home/brendaisy/OneDrive/Bren/Documents/optimal-test-design/data/sims/increasing-tspan-marg/known=Set([:β]) || obs_model=neg_binom || obs_params=(r=1, n=100) || θtrue=(S₀=0.6, β=1.25, α=0.2).jld2","Any[0.012465521599149598, 0.11564399248239174, 0.294570312174512, 0.4274619812747788, 0.48220273717735557, 0.5052138023567337, 0.5080293343049486, 0.5105811160712819, 0.5039368759579619, 0.522560315673461, 0.5381299102777408, 0.572931955574196, 0.5969186862698677, 0.6233841914161279, 0.641816506730963]"
"(S₀ = 0.6, β = 1.25, α = 0.2)",b08050b6f30459ecc3e733c0fdb243dc910ed590,"Any[-0.0034890787024234034, -0.0065430641371662475, -0.003740339465993458, 0.0051634884792161806, 0.01443475971363017, 0.025581080589833324, 0.04591886200202969, 0.06326693136993232, 0.12642665614827794, 0.1885171163500654, 0.27628197059074855, 0.3773344721622955, 0.4732226493628524, 0.5745717238343693, 0.6675899007364886]",missing,neg_binom,Set([:β]),"(r = 1, n = 1000)","/home/brendaisy/OneDrive/Bren/Documents/optimal-test-design/data/sims/increasing-tspan-marg/known=Set([:β]) || obs_model=neg_binom || obs_params=(r=1, n=1000) || θtrue=(S₀=0.6, β=1.25, α=0.2).jld2","Any[0.021454475075352482, 0.15432239014305027, 0.3439590865540467, 0.46406585006381373, 0.5130040721009511, 0.5414483927595682, 0.5356919588636445, 0.5358543879947321, 0.533075705240187, 0.5546660833988335, 0.5696266930819726, 0.6015728778607946, 0.6422749542052031, 0.6809136336664898, 0.7134446747101402]"
"(S₀ = 0.6, β = 1.25, α = 0.2)",b08050b6f30459ecc3e733c0fdb243dc910ed590,"Any[-0.0013326383958968632, 0.008206801875356749, 0.01932232551097153, 0.030108157163167233, 0.044129546600463344, 0.058907163163965395, 0.07939218352064935, 0.11448083559339307, 0.1638263940083316, 0.20717986761619636, 0.2505862187313595, 0.300775364937366, 0.33111776372047835, 0.36551785280593263, 0.38890720232557274]",missing,neg_binom,Set([:β]),"(r = 10, n = 10)","/home/brendaisy/OneDrive/Bren/Documents/optimal-test-design/data/sims/increasing-tspan-marg/known=Set([:β]) || obs_model=neg_binom || obs_params=(r=10, n=10) || θtrue=(S₀=0.6, β=1.25, α=0.2).jld2","Any[0.0010984615908957366, 0.061417888229483464, 0.2646474060894467, 0.46474819981068066, 0.5584969664605881, 0.5778619285007003, 0.5747658333973362, 0.5672658059949877, 0.5695213770524544, 0.5767988193710549, 0.6013212399196357, 0.6037548456589057, 0.6345025347726683, 0.6463433314533801, 0.6563494716795274]"
"(S₀ = 0.6, β = 1.25, α = 0.2)",b08050b6f30459ecc3e733c0fdb243dc910ed590,"Any[0.0010062575345773873, 0.020558115962229243, 0.035835195420532026, 0.041902865652161156, 0.05591931218940488, 0.0994020776752659, 0.2089080543527476, 0.3619380931107591, 0.5404343546344657, 0.6877118815480818, 0.8154934135550096, 0.9067880206179258, 0.9814029072298129, 1.051893631492388, 1.087604775540796]",missing,neg_binom,Set([:β]),"(r = 10, n = 100)","/home/brendaisy/OneDrive/Bren/Documents/optimal-test-design/data/sims/increasing-tspan-marg/known=Set([:β]) || obs_model=neg_binom || obs_params=(r=10, n=100) || θtrue=(S₀=0.6, β=1.25, α=0.2).jld2","Any[0.06021493272702202, 0.5620062723045909, 0.9435496634595303, 1.035123267929043, 1.0137274451065248, 0.9869108124958261, 0.9999748939533841, 1.0743228186112899, 1.1501062177221761, 1.2284345522201818, 1.2760946281104066, 1.333039856799693, 1.3367295626930524, 1.3629106050044466, 1.3785281117076487]"
"(S₀ = 0.6, β = 1.25, α = 0.2)",b08050b6f30459ecc3e733c0fdb243dc910ed590,"Any[0.0019090769787056209, 0.029571808170448903, 0.02966241847918371, 0.03201053004645364, 0.046725902427834254, 0.1220974455948195, 0.2846129607787274, 0.5133713103907227, 0.7506500432905159, 0.9677438986297371, 1.1535392723209028, 1.289572570060673, 1.4045455974268946, 1.524797570397049, 1.5987278394108313]",missing,neg_binom,Set([:β]),"(r = 10, n = 1000)","/home/brendaisy/OneDrive/Bren/Documents/optimal-test-design/data/sims/increasing-tspan-marg/known=Set([:β]) || obs_model=neg_binom || obs_params=(r=10, n=1000) || θtrue=(S₀=0.6, β=1.25, α=0.2).jld2","Any[0.3050268764859515, 0.9147766030849801, 1.1377064964148378, 1.1517250571947029, 1.1108485816441354, 1.084827074140148, 1.14438227454833, 1.2720129906150182, 1.393667048631316, 1.4917570148728834, 1.5590473223578671, 1.603965823929544, 1.6355233355970449, 1.6625098584472489, 1.685108640859405]"
"(S₀ = 0.6, β = 1.25, α = 0.2)",e5e2befed309f0b8350bfdd28a7d5bd028b6c78f-dirty,"Any[-0.0007987518582118682, 0.011223913224856868, 0.02540665235926439, 0.038586007018455805, 0.05156858637026173, 0.0672069506368885, 0.09191936982492643, 0.12869196877886283, 0.1765094333702611, 0.22307857817695373, 0.280576046123196, 0.3259927303596639, 0.363087420417256, 0.39516025800089905, 0.41091003548036475]",missing,poisson,Set([:β]),"(n = 10,)","/home/brendaisy/OneDrive/Bren/Documents/optimal-test-design/data/sims/increasing-tspan-marg/known=Set([:β]) || obs_model=poisson || obs_params=(n=10,) || θtrue=(S₀=0.6, β=1.25, α=0.2).jld2","Any[0.001692600200553779, 0.07278042150748018, 0.30310220613194505, 0.5272105800117631, 0.6040438112176288, 0.6279418111823227, 0.6141318522277263, 0.6126752142313993, 0.615486754085861, 0.6242230246542476, 0.6533260961060442, 0.6692423482469859, 0.6914174051028483, 0.7136753600078148, 0.7121221632313275]"
"(S₀ = 0.6, β = 1.25, α = 0.2)",e5e2befed309f0b8350bfdd28a7d5bd028b6c78f-dirty,"Any[0.0033934911430438456, 0.02884321888740239, 0.029759384277509914, 0.028573596802218673, 0.06959631407241561, 0.21235289069341737, 0.472162188174865, 0.6841169831061272, 0.8563789021819584, 0.9875288825972314, 1.0903206978443774, 1.147311061050635, 1.219718988567441, 1.2600134445647282, 1.2954671491416725]",missing,poisson,Set([:β]),"(n = 100,)","/home/brendaisy/OneDrive/Bren/Documents/optimal-test-design/data/sims/increasing-tspan-marg/known=Set([:β]) || obs_model=poisson || obs_params=(n=100,) || θtrue=(S₀=0.6, β=1.25, α=0.2).jld2","Any[0.08823207011697531, 0.7717071755046793, 1.151799802050033, 1.1523797290778193, 1.0924810419497115, 1.1500719889870914, 1.2958463120729833, 1.4097425189161286, 1.5434204782568905, 1.6047872890548884, 1.660153182718156, 1.69554295472944, 1.7153970350219292, 1.7352663114429616, 1.7442505359561902]"
"(S₀ = 0.6, β = 1.25, α = 0.2)",e5e2befed309f0b8350bfdd28a7d5bd028b6c78f-dirty,"Any[0.026260079912113907, -0.01805639153987996, -0.06023026507356455, -0.016547969026228345, 0.453749337991356, 0.9926881560539889, 1.3585113755693163, 1.64640968607485, 1.8694629384206563, 2.0279495391753635, 2.1315666193700404, 2.2265106596132225, 2.296027851151093, 2.3537952628153427, 2.376296699417197]",missing,poisson,Set([:β]),"(n = 1000,)","/home/brendaisy/OneDrive/Bren/Documents/optimal-test-design/data/sims/increasing-tspan-marg/known=Set([:β]) || obs_model=poisson || obs_params=(n=1000,) || θtrue=(S₀=0.6, β=1.25, α=0.2).jld2","Any[0.8399368755532819, 1.313714275629851, 1.2462144600771365, 1.1765414976527104, 1.5434217473434186, 1.9620447694147443, 2.2383210661533357, 2.435750606550667, 2.5700606392355665, 2.6849124861208247, 2.7388849098087276, 2.791544086732277, 2.8295293693161265, 2.8351584541815487, 2.8613899321803773]"
"(S₀ = 0.6, β = 1.25, α = 0.2)",f88f998db1a0cc4d7c414fa840f925ef8f97e78c,"Any[-0.02183800313337985, 0.0017307307072113086, 0.18625491168005848, 0.9808500602821378, 1.8625446300848232, 2.5227401675456673, 3.045001759875531, 3.483367654843939, 3.8585620979987185, 4.219235015225479, 4.5034913482782315, 4.798939147807273, 5.019335063563796, 5.2327657065918, 5.418421167971781]",missing,poisson,Set([:β]),"(n = 10000,)","/home/brendaisy/OneDrive/Bren/Documents/optimal-test-design/data/sims/increasing-tspan-marg/known=Set([:β]) || obs_model=poisson || obs_params=(n=10000,) || θtrue=(S₀=0.6, β=1.25, α=0.2).jld2","Any[1.3484089910393116, 1.3690420908562326, 1.3993268219774015, 2.022214991474398, 2.7810415675812856, 3.330617814333178, 3.7321282215309153, 4.077573152766562, 4.3816631014889404, 4.68402344993444, 4.910435840429443, 5.2096001602500746, 5.416061132250097, 5.60548327457011, 5.7353144934217735]"
"(S₀ = 0.6, β = 1.25, α = 0.2)",b08050b6f30459ecc3e733c0fdb243dc910ed590,"Any[0.008568504309296966, 0.01587677709511937, 0.01302997533755052, -7.068536112172981e-5, -0.015016857126739756, -0.030589130311301546, -0.043423658824915945, -0.035156119676760585, -0.019582490689692682, 0.005658865993429567, 0.031471038536499414, 0.06802498293708904, 0.10478770729698753, 0.1341963529884567, 0.15892352009903304]","Any[0.048942588714546736, 0.1046795790362111, 0.13844388832732807, 0.16700746743572917, 0.19998507731959375, 0.2185857036833665, 0.2379071790030567, 0.2501075471638467, 0.27161562900561365, 0.2799727757029215, 0.2965104307773441, 0.3116385491816376, 0.3245944032736752, 0.33758472664171485, 0.3442057216045067]",neg_binom,Set{Symbol}(),"(r = 1, n = 10)","/home/brendaisy/OneDrive/Bren/Documents/optimal-test-design/data/sims/increasing-tspan-marg/known=Set{Symbol}() || obs_model=neg_binom || obs_params=(r=1, n=10) || θtrue=(S₀=0.6, β=1.25, α=0.2).jld2","Any[-0.019880722148770322, -0.041652211679426454, 0.013226021255878712, 0.0961299745694347, 0.15975072607132873, 0.20127878396756818, 0.21706887713133421, 0.22680899807549473, 0.22494086225294713, 0.21875467800655649, 0.21188893962785035, 0.2045155369029832, 0.20353939806779686, 0.20327561154950868, 0.2052633545763152]"
"(S₀ = 0.6, β = 1.25, α = 0.2)",b08050b6f30459ecc3e733c0fdb243dc910ed590,"Any[0.011294396924075495, 0.013346492670973842, 0.008007566553779391, -0.0009814521981563738, -0.01714678962902449, -0.029516403301718157, -0.03580749388697366, -0.02318722124510503, 0.0022628523873750384, 0.0377530954760815, 0.09630675599495862, 0.1325889417457171, 0.18658703528168474, 0.24304560966126285, 0.2886105279443963]","Any[0.08873901146211752, 0.19077503204212484, 0.2349141361731995, 0.25451287342150974, 0.2781836625348169, 0.2905107686787816, 0.322002981186701, 0.36428904168478926, 0.3929878720244962, 0.4477926990836679, 0.47125656679794264, 0.495524205989132, 0.518060855953823, 0.5437837659763175, 0.5637763526442778]",neg_binom,Set{Symbol}(),"(r = 1, n = 100)","/home/brendaisy/OneDrive/Bren/Documents/optimal-test-design/data/sims/increasing-tspan-marg/known=Set{Symbol}() || obs_model=neg_binom || obs_params=(r=1, n=100) || θtrue=(S₀=0.6, β=1.25, α=0.2).jld2","Any[-0.03352816904032808, -0.004873928561866128, 0.08892073025201963, 0.15711227814514167, 0.2039216750713621, 0.23388718864805258, 0.2500614421738073, 0.25324904913379837, 0.2485835190812327, 0.24499862878512582, 0.2384184748477379, 0.23189491100790136, 0.234431766973769, 0.250593161412177, 0.26089929384699523]"
"(S₀ = 0.6, β = 1.25, α = 0.2)",b08050b6f30459ecc3e733c0fdb243dc910ed590,"Any[0.011013110998611656, 0.010757081425700674, 0.006507771144353399, -0.0003561072109486343, -0.016171238423878506, -0.03043331910700974, -0.033770332514575147, -0.018695761551525622, 0.010373590648572144, 0.0462100783742355, 0.09153339270133691, 0.13956501314634331, 0.20032655972018035, 0.25674224533229417, 0.3053529072453006]","Any[0.10011555199408108, 0.2107399688574731, 0.2578756971920478, 0.273491745341408, 0.2825279747157571, 0.30910720466916536, 0.3415413653810856, 0.38271383506963336, 0.4240052171268762, 0.4655546712310405, 0.5036181998749765, 0.5318361730363129, 0.5551480444109866, 0.572612163948106, 0.5974071202044229]",neg_binom,Set{Symbol}(),"(r = 1, n = 1000)","/home/brendaisy/OneDrive/Bren/Documents/optimal-test-design/data/sims/increasing-tspan-marg/known=Set{Symbol}() || obs_model=neg_binom || obs_params=(r=1, n=1000) || θtrue=(S₀=0.6, β=1.25, α=0.2).jld2","Any[-0.03275013536776844, 0.013372529630833142, 0.10101369666297538, 0.1631838574730868, 0.20714414940484926, 0.2322618323663412, 0.24757716364639917, 0.24997967450868938, 0.24797613720414866, 0.24372444885211894, 0.23311341282676776, 0.23619519943340325, 0.2445122292610772, 0.25804387370128407, 0.2732382030433699]"
"(S₀ = 0.6, β = 1.25, α = 0.2)",b08050b6f30459ecc3e733c0fdb243dc910ed590,"Any[0.013626220508493657, 0.025810931929102214, 0.024393700184610446, 0.013729783631988584, -0.001746464410575105, -0.008717630735257529, 0.0008691720646148987, 0.023417216488328042, 0.06191028675979128, 0.09706530057474473, 0.13756165248543403, 0.1704447349037771, 0.19708825594566012, 0.22413237845437067, 0.25707185910723696]","Any[0.07278640409704834, 0.1886012905703143, 0.23911410549283837, 0.26783610642228095, 0.29508784980903424, 0.3309115372515861, 0.38037003352624543, 0.41190852755096147, 0.44852898487283543, 0.4739824847664204, 0.4961391478710013, 0.5016710857766437, 0.5082766321143117, 0.5211692022926319, 0.5365894557720848]",neg_binom,Set{Symbol}(),"(r = 10, n = 10)","/home/brendaisy/OneDrive/Bren/Documents/optimal-test-design/data/sims/increasing-tspan-marg/known=Set{Symbol}() || obs_model=neg_binom || obs_params=(r=10, n=10) || θtrue=(S₀=0.6, β=1.25, α=0.2).jld2","Any[-0.023254559475494034, -0.06933290855291097, 0.018680069591282062, 0.13490908322594602, 0.21370422654022356, 0.24380783381833976, 0.25536533532915884, 0.25189799876920166, 0.24696239978683018, 0.23963535662365068, 0.23800440731489622, 0.23863862556452356, 0.24374082431656913, 0.25332846035595225, 0.25971526883786333]"
"(S₀ = 0.6, β = 1.25, α = 0.2)",b08050b6f30459ecc3e733c0fdb243dc910ed590,"Any[0.020999236525118335, 0.02917470156548697, 0.03670507430397934, 0.02466734094369778, 0.0054379684229280125, 0.016459033716577715, 0.040960217901603424, 0.07471081921003135, 0.12309635839180456, 0.17043911937509412, 0.24722521005708617, 0.31722402529612626, 0.3960769622365774, 0.45396661027366597, 0.494343980421635]","Any[0.23693248610683593, 0.40795276463112895, 0.3981140861399989, 0.4186980585135887, 0.5233400831498679, 0.6580988287528581, 0.7641575474620335, 0.8055265264861883, 0.8162970723855445, 0.8230648032086176, 0.846986833232977, 0.8720525077357867, 0.8948888159735365, 0.9296462105701689, 0.9540888732056814]",neg_binom,Set{Symbol}(),"(r = 10, n = 100)","/home/brendaisy/OneDrive/Bren/Documents/optimal-test-design/data/sims/increasing-tspan-marg/known=Set{Symbol}() || obs_model=neg_binom || obs_params=(r=10, n=100) || θtrue=(S₀=0.6, β=1.25, α=0.2).jld2","Any[-0.09220627867566204, -0.005433290103255138, 0.062109161389185034, 0.15252797826516698, 0.2627393862689382, 0.31792835310729795, 0.308298120018705, 0.2869603974611289, 0.2913798854774059, 0.3237311492949098, 0.3636828206854008, 0.395634966562305, 0.4368031699803619, 0.472169782642649, 0.5054167969041676]"
"(S₀ = 0.6, β = 1.25, α = 0.2)",b08050b6f30459ecc3e733c0fdb243dc910ed590,"Any[0.02023805726780854, 0.0348418775063845, 0.05055225517547046, 0.030856727613269578, 0.01606646020858815, 0.029822590509744458, 0.0580368641944604, 0.08174840339657684, 0.13470783699893502, 0.221728773622753, 0.35211088182345507, 0.472745488914992, 0.6169574700591922, 0.6897679228361219, 0.7844102778329622]","Any[0.3917768118179288, 0.4648130931838701, 0.442555317902796, 0.49856711966664913, 0.6323223055650294, 0.7986909487975136, 0.8839290483802408, 0.8895453738790714, 0.8718107716703236, 0.903756033669125, 0.955152543770555, 1.0158007491940133, 1.0772971027410287, 1.117390693088725, 1.1750831215797586]",neg_binom,Set{Symbol}(),"(r = 10, n = 1000)","/home/brendaisy/OneDrive/Bren/Documents/optimal-test-design/data/sims/increasing-tspan-marg/known=Set{Symbol}() || obs_model=neg_binom || obs_params=(r=10, n=1000) || θtrue=(S₀=0.6, β=1.25, α=0.2).jld2","Any[-0.027931355148639408, 0.05009655162374361, 0.087371800333334, 0.19180324235116306, 0.3210366773874817, 0.36702335192485847, 0.33414708936510973, 0.30714538913170153, 0.32068762522411887, 0.3829598708697196, 0.45920675196856836, 0.5364197960238863, 0.6057483520884044, 0.6721615086441669, 0.7205394606187383]"
"(S₀ = 0.6, β = 1.25, α = 0.2)",e5e2befed309f0b8350bfdd28a7d5bd028b6c78f-dirty,"Any[0.014499471116277814, 0.028385773034082434, 0.027600473500605873, 0.016479030261487913, 0.0010002157742870015, -0.0026643805345302487, 0.012980349862366758, 0.0458959862724235, 0.07685297836532647, 0.11078617058407561, 0.14905935831965442, 0.1831773870260269, 0.21227548006180497, 0.23858117753897548, 0.2589782144531645]","Any[0.08078787073517327, 0.20808811905998112, 0.2460603929450022, 0.2800288074586563, 0.32664907706116303, 0.3685025587235712, 0.41354477544368273, 0.4531307010557255, 0.48468441821878944, 0.5079719422586194, 0.5283378450606487, 0.5298110545544271, 0.5336159984151962, 0.5578559803086581, 0.5753503172707028]",poisson,Set{Symbol}(),"(n = 10,)","/home/brendaisy/OneDrive/Bren/Documents/optimal-test-design/data/sims/increasing-tspan-marg/known=Set{Symbol}() || obs_model=poisson || obs_params=(n=10,) || θtrue=(S₀=0.6, β=1.25, α=0.2).jld2","Any[-0.021031978884429207, -0.08372538670480231, 0.017773017295610722, 0.13459019262949892, 0.2125580961025796, 0.24888997078150601, 0.2546366700228524, 0.24929862473156317, 0.23956681869339103, 0.23354202865323598, 0.235394566682569, 0.2392013894973161, 0.25079669032226765, 0.26404052718957244, 0.2668773925656224]"
"(S₀ = 0.6, β = 1.25, α = 0.2)",e5e2befed309f0b8350bfdd28a7d5bd028b6c78f-dirty,"Any[0.025183656386208574, 0.03640617470504702, 0.058200244570253204, 0.03138553880142856, 0.015159999728302658, 0.02352726370604649, 0.015020363444803455, 0.038594973103220964, 0.10751405564835773, 0.19942054311197085, 0.30174673739021424, 0.3916783976685517, 0.46464916923762384, 0.5270798672173311, 0.5713497804364381]","Any[0.28286290255948293, 0.42977016334363677, 0.39731695836102654, 0.5011133098124302, 0.7354175966789271, 0.9082185257245915, 0.9451439652919559, 0.9315641200652254, 0.9530395763573818, 0.9894124438956933, 1.0345034334010157, 1.0886031665050122, 1.1315123929290243, 1.1527819330788593, 1.2015156207578388]",poisson,Set{Symbol}(),"(n = 100,)","/home/brendaisy/OneDrive/Bren/Documents/optimal-test-design/data/sims/increasing-tspan-marg/known=Set{Symbol}() || obs_model=poisson || obs_params=(n=100,) || θtrue=(S₀=0.6, β=1.25, α=0.2).jld2","Any[-0.11686642650053589, 0.005085753425642203, 0.0711106514056147, 0.24309183543366386, 0.39012808582506064, 0.372454478362884, 0.3401376821742062, 0.3459198768208371, 0.37961284495536, 0.462169704677098, 0.5294339911256039, 0.5981022146070372, 0.6568646975200855, 0.6920311545931117, 0.729508038195213]"
"(S₀ = 0.6, β = 1.25, α = 0.2)",e5e2befed309f0b8350bfdd28a7d5bd028b6c78f-dirty,"Any[0.03195701370130293, 0.10720024853926292, 0.055901811128172454, 0.17741515774313474, 0.06445252542800517, -0.0010340633736986731, 0.1548750257888982, 0.4072709418425718, 0.8269966566796189, 1.4045001228228806, 1.822767564058122, 2.087519000613512, 2.2510202391553538, 2.3467417692794217, 2.3960724521713948]","Any[0.4899078770747487, 0.5044197604782755, 0.5879456751353979, 1.2164311341248026, 1.3967153923274396, 1.3990659083920725, 1.506709203984588, 1.6660456333972893, 1.9889210988698092, 2.450681237075719, 2.780602256581519, 2.9382003662574268, 3.080568983839302, 3.1337786865164206, 3.170323377694931]",poisson,Set{Symbol}(),"(n = 1000,)","/home/brendaisy/OneDrive/Bren/Documents/optimal-test-design/data/sims/increasing-tspan-marg/known=Set{Symbol}() || obs_model=poisson || obs_params=(n=1000,) || θtrue=(S₀=0.6, β=1.25, α=0.2).jld2","Any[0.03514303513734229, 0.08703272930920547, 0.2292553751542109, 0.548431337445337, 0.2976759008575329, 0.24841229182892824, 0.33554864440104726, 0.49718922330399873, 0.8847001848099852, 1.3635633794931592, 1.7271672038983132, 1.924669780714768, 2.063430419701023, 2.1703561183733027, 2.200304292543889]"
"(S₀ = 0.6, β = 1.25, α = 0.2)",f88f998db1a0cc4d7c414fa840f925ef8f97e78c,"Any[0.11049984677691094, -0.010662082656692206, 0.25326617196122986, 0.3048552990323378, 0.2727342819088811, 0.807860954755889, 1.454005090133738, 5.121992632008464, 11.932315927714587, 15.406740010266953, 15.607037403376303, 15.483621854344753, 15.734703580421131, 15.858262565599892, 16.33660464851019]","Any[0.5597385749093241, 0.37201290029805867, 1.1978444359414566, 1.6061166958339568, 1.919669864823929, 2.3761233208031958, 2.9964453447506263, 6.5473713218162155, 13.282962836195285, 16.627981300912897, 16.77413747060042, 16.452840866400233, 16.53303494300415, 16.661494893035417, 16.894324337534798]",poisson,Set{Symbol}(),"(n = 10000,)","/home/brendaisy/OneDrive/Bren/Documents/optimal-test-design/data/sims/increasing-tspan-marg/known=Set{Symbol}() || obs_model=poisson || obs_params=(n=10000,) || θtrue=(S₀=0.6, β=1.25, α=0.2).jld2","Any[0.09407767629659461, -0.15071044199341987, 0.4402529102198931, -0.07779736009132385, -0.2275844853226769, -0.14754924550872608, 0.5190107916332815, 4.447487852852364, 11.40662484814237, 15.121621366970063, 15.493367518965043, 15.525109472420478, 15.75829680815871, 16.077263137916102, 16.627844057341267]"
